invoice_id,invoice_date,customer_id,product_id,quantity,unit_price,currency
INV-00001,18/08/2026,C015,P02,17,114.59,PLN
INV-00002,2026-08-09,C011,P04,20,60.33,PLN
INV-00003,30.04.2026,C036,P01,4,82.86,PLN
INV-00004,2026-03-10,C028,P01,9,115.48,PLN
INV-00005,2026-05-10,C020,P05,20,59.22,PLN
INV-00006,11.02.2026,C034,P05,11,21.22,PLN
INV-00007,2026-04-03,C016,P01,3,123.32,PLN
INV-00008,14.07.2026,C009,P05,6,131.5,PLN
INV-00009,2026-04-19,C049,P02,10,102.39,PLN
INV-00010,2026-04-06,C029,P02,3,90.3,PLN
INV-00011,28/02/2026,C005,P01,8,9.55,PLN
INV-00012,2026-03-26,C018,P02,18,140.65,PLN
INV-00013,27/05/2026,C031,P02,4,67.5,PLN
INV-00014,2026-04-19,C047,P06,4,110.59,PLN
INV-00015,2026-07-24,C013,P02,14,72.08,PLN
INV-00016,2026-08-12,C036,P06,18,145.5,PLN
INV-00017,2026-08-26,C032,P04,2,5.31,PLN
INV-00018,2026-04-10,C030,P06,18,75.57,PLN
INV-00019,2026-02-18,C004,P05,2,13.29,PLN
INV-00020,2026-05-30,C034,P05,3,14.94,PLN
INV-00021,2026-01-18,C037,P05,2,65.79,PLN
INV-00022,30/05/2026,C017,P06,11,62.39,PLN
INV-00023,2026-06-21,C049,P01,15,86.63,PLN
INV-00024,2026-01-26,C033,P03,3,58.58,PLN
INV-00025,2026-02-10,C046,P06,-17,123.48,PLN
INV-00026,2026-03-18,C009,P01,18,45.85,PLN
INV-00027,2026-02-23,C041,P05,16,136.68,PLN
INV-00028,2026-01-14,C018,P03,5,42.98,PLN
INV-00029,2026-07-09,C028,P01,3,105.2,PLN
INV-00030,08.02.2026,C024,P02,14,49.7,PLN
INV-00031,2026-08-19,C014,P06,4,86.18,PLN
INV-00032,2026-08-12,C048,P02,6,122.56,PLN
INV-00033,2026-08-14,C048,P04,8,119.17,PLN
INV-00034,2026-01-28,C031,P04,12,120.33,PLN
INV-00035,2026-02-28,C013,P03,3,45.47,PLN
INV-00036,14.06.2026,C035,P01,4,42.88,PLN
INV-00037,2026-05-29,C039,P06,11,147.71,PLN
INV-00038,2026-01-30,C013,P06,-14,139.21,PLN
INV-00039,2026-05-18,C005,P03,20,127.96,PLN
INV-00040,2026-07-04,C043,P04,10,32.82,PLN
INV-00041,2026-06-20,C012,P03,13,5.06,PLN
INV-00042,2026-03-15,C038,P03,15,102.97,PLN
INV-00043,2026-05-11,C048,P01,10,96.78,PLN
INV-00044,2026-03-27,C049,P03,8,26.37,PLN
INV-00045,2026-01-12,C040,P01,15,96.32,PLN
INV-00046,2026-02-19,C016,P06,1,129.76,PLN
INV-00047,2026-08-15,C015,P06,17,85.82,PLN
INV-00048,2026-08-23,C030,P05,20,114.51,PLN
INV-00049,24/04/2026,C033,P05,15,112.83,PLN
INV-00050,2026-05-02,C016,P03,17,39.69,PLN
INV-00051,2026-04-23,C016,P03,18,26.87,PLN
INV-00052,2026-04-09,C005,P03,18,14.03,PLN
INV-00053,2026-08-02,C050,P06,1,116.01,PLN
INV-00054,2026-04-08,,P04,14,111.52,PLN
INV-00055,24/07/2026,C032,P04,-16,53.74,PLN
INV-00056,2026-06-23,C030,P05,-18,62.13,PLN
INV-00057,2026-05-25,C028,P04,6,59.97,PLN
INV-00058,2026-02-24,C049,P03,14,16.88,PLN
INV-00059,05.01.2026,C023,P01,2,142.69,PLN
INV-00060,2026-02-21,C016,P06,4,36.6,PLN
INV-00061,2026-06-29,C011,P06,4,28.75,PLN
INV-00062,2026-03-21,C020,P04,13,33.76,PLN
INV-00063,2026-06-01,C050,P06,20,120.45,PLN
INV-00064,2026-05-25,C028,P01,17,6.83,PLN
INV-00065,2026-04-18,C024,P04,5,111.4,PLN
INV-00066,2026-06-16,C035,P04,14,90.91,PLN
INV-00067,2026-03-24,C006,P04,8,87.63,PLN
INV-00068,2026-06-21,C032,P02,16,120.69,PLN
INV-00069,2026-03-29,C045,P05,1,32.7,PLN
INV-00070,2026-03-03,C049,P04,16,7.5,PLN
INV-00071,2026-03-17,C016,P05,12,81.98,PLN
INV-00072,19.04.2026,C045,P03,9,109.59,PLN
INV-00073,2026-03-22,C049,P02,7,45.09,PLN
INV-00074,31.05.2026,C007,P03,8,48.83,PLN
INV-00075,01.07.2026,C003,P05,10,23.31,PLN
INV-00076,2026-08-11,C001,P04,16,31.73,PLN
INV-00077,2026-01-14,C031,P01,13,88.67,PLN
INV-00078,2026-06-25,C037,P01,8,115.84,PLN
INV-00079,05/06/2026,C015,P04,15,48.12,PLN
INV-00080,2026-05-31,C040,P06,4,35.13,PLN
INV-00081,2026-02-24,C011,P05,3,64.24,PLN
INV-00082,26/06/2026,C003,P06,10,70.83,PLN
INV-00083,2026-06-25,C041,P02,14,37.6,PLN
INV-00084,2026-02-08,C005,P03,20,87.54,PLN
INV-00085,2026-03-15,C045,P04,9,76.6,PLN
INV-00086,21/01/2026,C028,P05,-9,38.19,PLN
INV-00087,22/06/2026,C002,P06,9,115.65,PLN
INV-00088,2026-02-14,C029,P02,19,123.07,PLN
INV-00089,2026-01-24,C022,P01,6,105.58,PLN
INV-00090,2026-03-15,C036,P01,11,21.81,PLN
INV-00091,2026-07-17,C001,P05,15,32.2,PLN
INV-00092,03/04/2026,C041,P01,7,24.0,PLN
INV-00093,2026-03-15,C032,P06,20,107.92,PLN
INV-00094,21.03.2026,,P02,4,22.03,PLN
INV-00095,2026-08-02,C046,P06,9,74.96,PLN
INV-00096,2026-05-01,C010,P05,17,24.79,PLN
INV-00097,2026-01-18,C027,P05,9,46.01,PLN
INV-00098,18/03/2026,C043,P02,15,55.04,PLN
INV-00099,22.05.2026,C021,P06,8,38.87,PLN
INV-00100,2026-07-18,C048,P04,13,119.9,PLN
INV-00101,2026-06-16,C003,P05,11,131.76,PLN
INV-00102,2026-04-23,C030,P02,14,145.64,PLN
INV-00103,2026-01-20,C017,P06,13,128.51,PLN
INV-00104,07.08.2026,C021,P04,18,14.92,PLN
INV-00105,2026-06-11,C048,P01,4,105.63,PLN
INV-00106,2026-08-20,C004,P03,14,82.02,PLN
INV-00107,2026-05-25,C006,P04,20,77.16,PLN
INV-00108,2026-05-30,C041,P03,1,72.46,PLN
INV-00109,15.03.2026,C029,P05,10,66.52,PLN
INV-00110,2026-03-06,C013,P04,4,87.93,PLN
INV-00111,2026-05-28,C019,P06,13,87.06,PLN
INV-00112,2026-06-25,C048,P03,8,56.09,PLN
INV-00113,2026-06-12,C044,P06,5,135.99,PLN
INV-00114,2026-06-15,C029,P03,5,47.79,PLN
INV-00115,2026-07-11,C009,P03,17,44.52,PLN
INV-00116,2026-02-12,C031,P03,11,72.91,PLN
INV-00117,2026-01-20,C015,P06,13,121.67,PLN
INV-00118,2026-04-04,C001,P01,15,113.61,PLN
INV-00119,09/03/2026,C041,P01,8,94.83,PLN
INV-00120,2026-05-24,C015,P06,15,48.82,PLN
INV-00121,2026-04-15,C003,P04,4,133.65,PLN
INV-00122,2026-02-04,C043,P06,18,112.63,PLN
INV-00123,2026-02-09,C032,P03,2,36.5,PLN
INV-00124,2026-04-24,C007,P03,18,98.5,PLN
INV-00125,2026-01-16,C008,P04,3,98.05,PLN
INV-00126,2026-06-02,C022,P02,19,125.32,PLN
INV-00127,2026-05-22,C015,P02,-20,129.47,PLN
INV-00128,2026-02-07,C012,P01,-5,119.55,PLN
INV-00129,02/03/2026,C012,P02,14,113.12,PLN
INV-00130,2026-05-02,C033,P04,17,94.19,PLN
INV-00131,06.07.2026,C042,P01,16,66.81,PLN
INV-00132,2026-01-28,C029,P01,11,14.52,PLN
INV-00133,12/03/2026,C036,P04,20,70.79,PLN
INV-00134,2026-06-04,C045,P06,18,36.18,PLN
INV-00135,2026-04-26,C030,P06,4,50.32,PLN
INV-00136,2026-03-07,C044,P01,3,18.52,PLN
INV-00137,2026-01-25,C036,P05,18,22.72,PLN
INV-00138,2026-04-01,C047,P03,20,20.02,PLN
INV-00139,2026-05-10,C031,P01,12,58.3,PLN
INV-00140,2026-07-15,C028,P05,20,85.73,PLN
INV-00141,2026-06-05,C018,P03,11,31.3,PLN
INV-00142,06/02/2026,C005,P06,1,81.92,PLN
INV-00143,2026-04-07,C011,P06,11,87.3,PLN
INV-00144,2026-01-22,C049,P06,3,100.98,PLN
INV-00145,05/05/2026,C018,P05,4,21.08,PLN
INV-00146,23/06/2026,C043,P02,13,12.94,PLN
INV-00147,2026-02-22,C050,P03,10,6.12,PLN
INV-00148,2026-07-11,C025,P02,17,101.87,PLN
INV-00149,2026-04-01,C048,P01,15,130.01,PLN
INV-00150,2026-05-28,C046,P03,4,145.1,PLN
INV-00151,13/02/2026,C045,P01,14,40.28,PLN
INV-00152,2026-05-31,C026,P06,11,117.97,PLN
INV-00153,20.01.2026,C034,P03,12,123.75,PLN
INV-00154,2026-07-28,C010,P02,20,115.08,PLN
INV-00155,2026-01-20,C041,P05,19,139.0,PLN
INV-00156,25/05/2026,C041,P04,3,96.55,PLN
INV-00157,2026-07-23,C023,P03,15,13.25,PLN
INV-00158,2026-08-01,C006,P05,13,85.38,PLN
INV-00159,2026-07-22,C037,P03,20,26.87,PLN
INV-00160,2026-01-16,C022,P01,17,10.68,PLN
INV-00161,2026-07-01,C034,P02,12,46.02,PLN
INV-00162,2026-04-15,C004,P06,11,18.7,PLN
INV-00163,2026-06-23,C047,P05,5,89.5,PLN
INV-00164,2026-02-06,C042,P04,5,141.01,PLN
INV-00165,21.03.2026,C022,P06,17,102.22,PLN
INV-00166,2026-05-11,,P02,11,75.51,PLN
INV-00167,2026-02-27,C019,P01,17,126.09,PLN
INV-00168,15.08.2026,C022,P05,5,27.37,PLN
INV-00169,16/02/2026,C011,P01,14,109.34,PLN
INV-00170,24/04/2026,C048,P02,18,145.01,PLN
INV-00171,2026-07-20,C013,P05,15,45.86,PLN
INV-00172,08.04.2026,C011,P05,5,12.57,PLN
INV-00173,2026-05-04,C007,P05,4,115.65,PLN
INV-00174,2026-03-11,C010,P01,8,133.27,PLN
INV-00175,2026-08-27,C026,P02,13,59.36,PLN
INV-00176,2026-01-08,C046,P02,5,138.02,PLN
INV-00177,2026-05-01,C031,P01,-3,36.27,PLN
INV-00178,08.02.2026,C039,P01,10,22.67,PLN
INV-00179,2026-03-03,C040,P01,16,7.38,PLN
INV-00180,12/05/2026,C010,P01,20,87.75,PLN
INV-00181,2026-02-17,C024,P05,18,148.31,PLN
INV-00182,2026-05-22,C031,P04,12,7.36,PLN
INV-00183,2026-07-21,C047,P01,19,53.22,PLN
INV-00184,2026-01-12,C042,P06,15,74.39,PLN
INV-00185,2026-02-16,C050,P01,10,119.71,PLN
INV-00186,2026-08-15,C020,P05,16,114.23,PLN
INV-00187,2026-02-18,C050,P06,11,120.9,PLN
INV-00188,2026-04-22,C025,P02,16,58.27,PLN
INV-00189,24.07.2026,C006,P01,14,124.24,PLN
INV-00190,2026-05-20,C006,P03,10,109.06,PLN
INV-00191,2026-02-12,C003,P03,20,44.81,PLN
INV-00192,2026-07-22,C041,P05,6,25.7,PLN
INV-00193,2026-06-05,C005,P06,12,142.67,PLN
INV-00194,09/01/2026,C029,P03,15,88.22,PLN
INV-00195,2026-05-16,C042,P01,1,77.36,PLN
INV-00196,10.04.2026,C050,P04,7,46.41,PLN
INV-00197,2026-08-23,C009,P04,6,69.54,PLN
INV-00198,2026-01-23,C046,P05,10,128.45,PLN
INV-00199,2026-07-02,C033,P02,5,76.63,PLN
INV-00200,03.04.2026,C030,P05,5,17.5,PLN
INV-00201,2026-03-21,C047,P04,14,15.69,PLN
INV-00202,2026-03-23,C044,P02,18,31.38,PLN
INV-00203,2026-02-03,C004,P05,5,28.49,PLN
INV-00204,2026-08-28,C034,P01,9,143.67,PLN
INV-00205,2026-03-12,C040,P05,6,89.19,PLN
INV-00206,13/02/2026,C039,P05,2,9.11,PLN
INV-00207,12/01/2026,C014,P04,20,77.22,PLN
INV-00208,10.06.2026,C020,P06,13,15.58,PLN
INV-00209,2026-01-16,C031,P03,20,129.92,PLN
INV-00210,2026-03-23,C009,P05,18,40.05,PLN
INV-00211,2026-02-01,C010,P03,13,65.63,PLN
INV-00212,2026-08-10,C037,P02,6,79.64,PLN
INV-00213,2026-05-08,C006,P05,15,36.2,PLN
INV-00214,2026-04-01,C032,P06,16,6.19,PLN
INV-00215,2026-01-28,C017,P04,12,12.42,PLN
INV-00216,2026-05-24,C019,P05,15,45.56,PLN
INV-00217,09/06/2026,C007,P03,18,114.47,PLN
INV-00218,20/02/2026,C033,P01,5,121.58,PLN
INV-00219,2026-05-13,C033,P05,11,148.64,PLN
INV-00220,2026-07-09,C033,P05,16,48.47,PLN
INV-00221,2026-07-28,C044,P04,19,135.32,PLN
INV-00222,2026-08-12,C017,P05,19,12.45,PLN
INV-00223,2026-05-03,C047,P04,5,40.12,PLN
INV-00224,2026-05-27,C029,P02,14,64.5,PLN
INV-00225,18/07/2026,C048,P06,5,86.33,PLN
INV-00226,2026-06-19,C021,P04,18,56.37,PLN
INV-00227,2026-07-17,C013,P03,18,141.52,PLN
INV-00228,2026-03-18,C045,P03,16,140.39,PLN
INV-00229,2026-07-23,C037,P04,13,143.42,PLN
INV-00230,2026-07-25,C019,P01,12,100.12,PLN
INV-00231,2026-07-11,C035,P05,9,94.27,PLN
INV-00232,2026-05-31,C043,P02,8,64.93,PLN
INV-00233,2026-07-03,C050,P05,6,140.58,PLN
INV-00234,2026-08-13,C013,P03,11,13.58,PLN
INV-00235,2026-07-16,C015,P06,2,30.38,PLN
INV-00236,2026-08-14,C003,P04,16,113.61,PLN
INV-00237,2026-08-12,C001,P05,4,53.58,PLN
INV-00238,27.04.2026,C009,P04,9,21.33,PLN
INV-00239,2026-02-11,C046,P06,11,87.33,PLN
INV-00240,2026-07-13,C041,P04,17,63.12,PLN
INV-00241,2026-01-25,C031,P02,1,39.15,PLN
INV-00242,2026-07-12,C020,P05,1,57.14,PLN
INV-00243,2026-03-02,C030,P04,17,133.73,PLN
INV-00244,2026-07-17,C041,P03,12,36.77,PLN
INV-00245,2026-02-04,C048,P03,14,137.36,PLN
INV-00246,13.07.2026,C014,P06,20,16.87,PLN
INV-00247,25.04.2026,C005,P01,2,135.92,PLN
INV-00248,21/02/2026,C011,P05,15,34.78,PLN
INV-00249,2026-05-30,C033,P01,15,65.24,PLN
INV-00250,2026-05-25,C044,P06,1,123.39,PLN
INV-00251,2026-07-10,C003,P06,3,13.74,PLN
INV-00252,2026-08-17,C031,P04,6,116.05,PLN
INV-00253,2026-07-06,C025,P04,13,144.8,PLN
INV-00254,12.08.2026,C023,P05,13,110.54,PLN
INV-00255,2026-02-27,C020,P06,18,60.0,PLN
INV-00256,2026-02-28,C010,P06,4,100.73,PLN
INV-00257,2026-06-07,C005,P01,15,106.98,PLN
INV-00258,2026-01-13,C026,P05,7,117.53,PLN
INV-00259,05.02.2026,C015,P06,19,91.7,PLN
INV-00260,2026-06-22,C010,P05,8,44.9,PLN
INV-00261,23/05/2026,C012,P04,18,145.98,PLN
INV-00262,2026-06-14,C021,P04,5,31.66,PLN
INV-00263,2026-05-18,C015,P06,5,137.64,PLN
INV-00264,2026-05-24,C036,P04,8,52.89,PLN
INV-00265,2026-01-21,C006,P02,2,102.68,PLN
INV-00266,2026-06-04,C013,P05,18,35.29,PLN
INV-00267,2026-08-21,C001,P02,4,114.38,PLN
INV-00268,2026-08-23,C046,P02,18,46.04,PLN
INV-00269,30.04.2026,C020,P05,16,121.41,PLN
INV-00270,2026-07-04,C021,P03,11,86.57,PLN
INV-00271,2026-02-26,,P05,19,47.8,PLN
INV-00272,2026-02-20,C037,P04,18,104.3,PLN
INV-00273,2026-03-07,C042,P04,6,56.07,PLN
INV-00274,05.02.2026,C035,P01,17,127.77,PLN
INV-00275,2026-07-29,C027,P06,8,26.9,PLN
INV-00276,25.02.2026,C004,P06,20,100.6,PLN
INV-00277,2026-01-05,C027,P05,9,46.57,PLN
INV-00278,2026-05-09,C012,P01,17,32.83,PLN
INV-00279,2026-05-15,C018,P01,12,71.55,PLN
INV-00280,2026-03-04,C006,P06,2,59.99,PLN
INV-00281,2026-05-22,C001,P01,16,98.51,PLN
INV-00282,26/03/2026,C007,P01,8,130.88,PLN
INV-00283,16/08/2026,C003,P06,9,86.71,PLN
INV-00284,2026-01-09,C021,P02,19,124.0,PLN
INV-00285,2026-07-30,C020,P02,19,61.43,PLN
INV-00286,18.08.2026,C049,P06,3,146.28,PLN
INV-00287,2026-01-14,C005,P05,20,117.17,PLN
INV-00288,2026-01-08,C029,P03,18,67.62,PLN
INV-00289,24/06/2026,C006,P03,8,16.9,PLN
INV-00290,2026-02-09,C041,P04,11,18.27,PLN
INV-00291,2026-03-20,C018,P01,6,85.76,PLN
INV-00292,2026-05-12,C006,P01,20,52.04,PLN
INV-00293,2026-04-09,C025,P06,18,146.84,PLN
INV-00294,27.05.2026,C025,P03,10,26.16,PLN
INV-00295,2026-02-12,C020,P01,12,40.76,PLN
INV-00296,2026-06-10,C013,P02,-10,62.38,PLN
INV-00297,04/08/2026,C022,P04,20,51.5,PLN
INV-00298,2026-06-27,C012,P03,10,96.77,PLN
INV-00299,2026-05-28,C018,P04,12,86.76,PLN
INV-00300,01.06.2026,C050,P06,15,35.4,PLN
INV-00301,2026-07-24,C005,P04,16,48.91,PLN
INV-00302,2026-03-06,C025,P05,16,82.48,PLN
INV-00303,2026-08-25,C024,P05,20,17.32,PLN
INV-00304,2026-07-16,C023,P05,2,98.53,PLN
INV-00305,2026-06-15,C022,P04,-4,42.52,PLN
INV-00306,11.05.2026,C045,P04,12,116.99,PLN
INV-00307,31.05.2026,C002,P03,14,17.45,PLN
INV-00308,2026-08-01,C022,P02,17,74.04,PLN
INV-00309,2026-04-23,C020,P06,-4,54.75,PLN
INV-00310,2026-01-28,C048,P02,18,86.18,PLN
INV-00311,2026-04-29,C041,P06,14,111.92,PLN
INV-00312,2026-08-15,C028,P06,7,114.09,PLN
INV-00313,2026-07-27,C035,P03,7,43.04,PLN
INV-00314,2026-08-09,C041,P04,20,21.56,PLN
INV-00315,2026-04-01,C044,P03,20,102.46,PLN
INV-00316,2026-03-22,C008,P06,5,65.64,PLN
INV-00317,05/02/2026,C012,P05,6,76.0,PLN
INV-00318,2026-02-05,C029,P03,1,33.29,PLN
INV-00319,09.04.2026,C032,P04,14,69.36,PLN
INV-00320,2026-02-12,C049,P01,9,46.86,PLN
INV-00321,2026-07-19,C050,P05,17,21.56,PLN
INV-00322,18.07.2026,C024,P01,15,148.52,PLN
INV-00323,2026-01-27,C003,P03,3,149.12,PLN
INV-00324,2026-07-18,C048,P03,20,29.07,PLN
INV-00325,2026-02-05,C004,P05,9,29.41,PLN
INV-00326,2026-06-30,C018,P05,4,113.76,PLN
INV-00327,2026-04-16,C042,P02,8,51.7,PLN
INV-00328,2026-03-05,C037,P06,14,15.95,PLN
INV-00329,2026-07-23,C048,P03,15,52.46,PLN
INV-00330,2026-01-01,C030,P06,12,120.37,PLN
INV-00331,2026-04-12,C014,P03,10,88.8,PLN
INV-00332,2026-05-25,C044,P01,4,126.32,PLN
INV-00333,2026-01-05,C011,P01,14,104.85,PLN
INV-00334,2026-02-03,C018,P03,9,101.35,PLN
INV-00335,2026-06-16,C041,P06,8,18.22,PLN
INV-00336,2026-01-25,C005,P02,17,6.35,PLN
INV-00337,2026-06-28,C028,P04,3,17.95,PLN
INV-00338,2026-07-26,C024,P02,13,114.21,PLN
INV-00339,2026-02-04,C037,P06,6,109.75,PLN
INV-00340,2026-06-10,C040,P02,3,25.3,PLN
INV-00341,01/02/2026,C023,P03,5,98.47,PLN
INV-00342,05.03.2026,C047,P06,1,100.47,PLN
INV-00343,2026-03-19,C033,P04,10,118.65,PLN
INV-00344,2026-07-23,C008,P06,20,133.87,PLN
INV-00345,2026-01-04,C009,P05,14,104.03,PLN
INV-00346,2026-07-15,C050,P05,-3,36.28,PLN
INV-00347,2026-08-25,C026,P06,17,66.42,PLN
INV-00348,2026-04-13,C035,P03,3,79.14,PLN
INV-00349,2026-02-22,C026,P06,3,68.44,PLN
INV-00350,2026-08-05,C006,P01,15,12.98,PLN
INV-00351,2026-06-20,C046,P01,6,55.27,PLN
INV-00352,2026-05-13,C009,P03,4,9.26,PLN
INV-00353,2026-07-26,C005,P05,3,79.06,PLN
INV-00354,2026-01-15,C011,P03,4,102.75,PLN
INV-00355,2026-01-30,C001,P01,8,57.78,PLN
INV-00356,2026-08-24,C003,P06,14,41.0,PLN
INV-00357,2026-08-23,C005,P01,17,12.64,PLN
INV-00358,27.02.2026,C026,P04,10,50.05,PLN
INV-00359,23.01.2026,C024,P05,10,40.17,PLN
INV-00360,05/04/2026,C050,P06,18,40.54,PLN
INV-00361,2026-01-02,C035,P06,1,5.21,PLN
INV-00362,2026-06-18,C047,P02,17,65.87,PLN
INV-00363,2026-01-16,C006,P02,17,134.86,PLN
INV-00364,2026-04-28,C033,P04,3,14.03,PLN
INV-00365,2026-06-19,C017,P04,11,44.43,PLN
INV-00366,2026-01-20,C050,P02,4,72.58,PLN
INV-00367,2026-04-15,C050,P03,15,22.39,PLN
INV-00368,2026-02-10,C045,P02,11,108.12,PLN
INV-00369,2026-04-02,C044,P02,1,128.92,PLN
INV-00370,23.05.2026,C030,P02,-4,125.4,PLN
INV-00371,2026-02-26,C026,P06,3,42.53,PLN
INV-00372,2026-07-28,C005,P06,15,18.34,PLN
INV-00373,2026-08-05,C030,P05,14,62.27,PLN
INV-00374,2026-01-08,C012,P02,9,133.1,PLN
INV-00375,09/01/2026,C016,P04,14,74.46,PLN
INV-00376,2026-01-23,C027,P05,8,121.31,PLN
INV-00377,2026-07-23,C046,P05,16,87.02,PLN
INV-00378,2026-03-24,C002,P02,1,117.89,PLN
INV-00379,2026-01-15,C050,P02,6,100.25,PLN
INV-00380,10.03.2026,C048,P02,19,120.62,PLN
INV-00381,2026-04-01,C038,P06,12,9.09,PLN
INV-00382,2026-06-29,C037,P02,16,30.46,PLN
INV-00383,2026-01-10,C039,P05,-16,138.09,PLN
INV-00384,2026-02-21,C012,P03,-2,90.06,PLN
INV-00385,2026-08-23,C034,P01,12,101.01,PLN
INV-00386,2026-05-31,C021,P02,14,144.3,PLN
INV-00387,2026-06-16,C036,P05,12,90.4,PLN
INV-00388,2026-02-14,C045,P02,1,142.56,PLN
INV-00389,11/04/2026,C039,P05,8,20.1,PLN
INV-00390,2026-05-08,C005,P03,6,144.65,PLN
INV-00391,2026-07-30,C017,P06,3,119.12,PLN
INV-00392,2026-07-04,C029,P02,14,59.91,PLN
INV-00393,2026-05-20,C031,P05,8,15.69,PLN
INV-00394,2026-08-05,C021,P01,3,133.75,PLN
INV-00395,2026-02-11,C006,P05,16,67.54,PLN
INV-00396,2026-06-17,C028,P01,11,32.55,PLN
INV-00397,28.06.2026,C047,P06,10,18.91,PLN
INV-00398,11/04/2026,C032,P03,1,47.71,PLN
INV-00399,19/06/2026,C007,P02,10,73.67,PLN
INV-00400,2026-01-30,C031,P06,9,83.9,PLN
INV-00401,2026-05-14,C007,P99,3,19.99,PLN
INV-00095,2026-08-02,C046,P06,9,74.96,PLN
INV-00190,2026-05-20,C006,P03,10,109.06,PLN
INV-00196,10.04.2026,C050,P04,7,46.41,PLN
INV-00096,2026-05-01,C010,P05,17,24.79,PLN
INV-00229,2026-07-23,C037,P04,13,143.42,PLN
INV-00023,2026-06-21,C049,P01,15,86.63,PLN
INV-00135,2026-04-26,C030,P06,4,50.32,PLN
INV-00226,2026-06-19,C021,P04,18,56.37,PLN
